positionName,companyShortName,salary,createTime,companyId,companyFullName,companyLabelList,financeStage,positionLables,skillLables,education,district,workYear
数据挖掘,The NetCircle,18k-25k,2019-12-09 16:52:22,4670,人英网络（上海）有限公司,"['年终分红', '五险一金', '交通补助', '带薪年假']",不需要融资,"['社交', 'ETL', 'Java', 'Hadoop', '数据仓库']","['ETL', 'Java', 'Hadoop', '数据仓库']",本科,普陀区,3-5年
数据挖掘工程师（2020校招）,莉莉丝游戏,10k-20k,2019-12-09 15:14:28,1938,上海莉莉丝科技股份有限公司,"['都是萌妹子', '项目奖金', '零食无限量', '牛逼的同事']",不需要融资,"['游戏', '数据挖掘']",['数据挖掘'],本科,闵行区,应届毕业生
数据挖掘,微创软件,30k-35k,2019-12-09 15:10:53,124652,上海微创软件股份有限公司,"['绩效奖金', '带薪年假', '定期体检', '弹性工作']",不需要融资,[],['数据挖掘'],硕士,浦东新区,5-10年
算法工程师,NextTao 互道信息,18k-30k,2019-12-09 17:10:55,56474,互道信息技术（上海）有限公司,"['节日礼物', '技能培训', '年底双薪', '年度旅游']",B轮,"['机器学习', '推荐', '建模']","['机器学习', '推荐', '建模']",本科,浦东新区,1-3年
算法工程师,趣头条,25k-50k,2019-12-09 17:08:57,202104,上海基分文化传播有限公司,"['专项奖金', '带薪年假', '弹性工作', '管理规范']",上市公司,"['电商', '搜索', '推荐']","['搜索', '推荐']",本科,浦东新区,3-5年
算法工程师,梦昀网络,35k-70k,2019-12-09 17:48:46,585686,长沙梦昀网络科技有限公司,[],未融资,"['移动互联网', '推荐', 'NLP', '机器学习', '算法']","['推荐', 'NLP', '机器学习', '算法']",本科,,不限
算法工程师,码上赢,30k-40k,2019-12-09 16:05:57,442174,北京码上赢科技有限公司,"['弹性工作', '五险一金', '阿里系', '牛人多']",A轮,"['人工智能', '建模', '算法', '数据挖掘']","['人工智能', '建模', '算法', '数据挖掘']",硕士,杨浦区,3-5年
算法工程师,飞书互动,15k-30k,2019-12-09 16:06:29,75423,飞书数字科技（上海）有限公司,"['技能培训', '扁平管理', '五险一金', '弹性工作']",A轮,"['广告营销', '移动互联网', '机器学习', '算法', '图像处理']","['机器学习', '算法', '图像处理']",本科,长宁区,3-5年
算法工程师,易居克而瑞,10k-15k,2019-12-09 14:20:13,9553,易居企业（中国）集团有限公司,"['年底双薪', '节日礼物', '带薪年假', '月度绩效奖金']",上市公司,['算法'],['算法'],本科,闸北区,1-3年
算法工程师,GeexFinance,15k-25k,2019-12-09 13:41:01,37850,即科金融信息服务（上海）有限公司,"['互联网金融', '技能培训', '五角场', '年度旅游']",A轮,['算法'],['算法'],本科,杨浦区,1-3年
算法工程师,河姆渡电子商务有限公司,20k-40k,2019-12-09 13:07:59,139645,上海河姆渡实业发展有限公司,[],A轮,['电商'],[],本科,浦东新区,3-5年
算法工程师,途虎养车网,10k-20k,2019-12-09 13:05:57,36009,上海阑途信息技术有限公司,"['技能培训', '节日礼物', '岗位晋升', '领导好']",D轮及以上,"['大数据', 'BI', '数据分析']","['BI', '数据分析']",本科,闵行区,1-3年
算法工程师,途虎养车网,30k-40k,2019-12-09 13:05:58,36009,上海阑途信息技术有限公司,"['技能培训', '节日礼物', '岗位晋升', '领导好']",D轮及以上,"['电商', '搜索', '推荐', '算法', '人工智能']","['搜索', '推荐', '算法', '人工智能']",本科,闵行区,3-5年
算法工程师,明略科技集团,15k-30k,2019-12-09 11:38:54,13171,秒针信息技术有限公司,"['六险一金', '年底双薪', '绩效奖金', '完成E轮融资']",D轮及以上,"['搜索', '推荐', '算法']","['搜索', '推荐', '算法']",本科,长宁区,3-5年
算法工程师,萨摩耶金服,18k-30k,2019-12-09 09:39:41,73604,深圳萨摩耶互联网金融服务有限公司,"['技能培训', '年度旅游', '岗位晋升', '五险一金']",C轮,"['互联网金融', '风控', '策略设计', '分析师']","['风控', '策略设计', '分析师']",本科,浦东新区,1-3年
positionName,companyShortName,salary,createTime,companyId,companyFullName,companyLabelList,financeStage,positionLables,skillLables,education,district,workYear
算法工程师,脉景,18k-30k,2019-12-09 09:44:57,256236,脉景（杭州）健康管理有限公司,[],不需要融资,"['机器学习', '深度学习', '图像处理', 'NLP']","['机器学习', '深度学习', '图像处理', 'NLP']",硕士,浦东新区,3-5年
算法工程师,澎湃新闻,15k-30k,2019-12-09 10:15:29,28702,上海东方报业有限公司,[],未融资,"['媒体', '新闻|出版', '算法', '搜索']","['算法', '搜索']",硕士,静安区,1-3年
机器学习算法（2020校招）,莉莉丝游戏,10k-20k,2019-12-09 15:14:27,1938,上海莉莉丝科技股份有限公司,"['都是萌妹子', '项目奖金', '零食无限量', '牛逼的同事']",不需要融资,"['游戏', '机器学习', '算法']","['机器学习', '算法']",本科,闵行区,应届毕业生
算法工程师,喜宝供应链,15k-25k,2019-12-09 13:58:30,204900,上海喜宝供应链管理有限公司,"['绩效奖金', '年度旅游', '节日礼物', '领导好']",A轮,"['电商', '深度学习', '建模']","['深度学习', '建模']",本科,普陀区,3-5年
机器学习算法工程师,探知数据,15k-30k,2019-12-09 17:09:54,163790,上海勃池信息技术有限公司,"['股票期权', '扁平管理', '五险一金', '不打卡']",A轮,"['金融', '算法', '数据挖掘']","['算法', '数据挖掘']",本科,静安区,3-5年
算法工程师,北京金网华威科技有限公司,30k-60k,2019-12-09 09:29:26,135867,北京金网华威科技有限公司,"['专项奖金', '定期体检', '弹性工作', '扁平管理']",上市公司,"['大数据', '深度学习', '机器学习', 'NLP', '图像处理']","['深度学习', '机器学习', 'NLP', '图像处理']",不限,徐汇区,5-10年
数据挖掘算法工程师（信贷风控）-01376,同盾科技,10k-20k,2019-12-09 18:07:16,6502,同盾科技有限公司,"['技能培训', '股票期权', '绩效奖金', '岗位晋升']",C轮,"['Spark', '算法', '数据挖掘']","['Spark', '算法', '数据挖掘']",本科,徐汇区,3-5年
算法工程师（2020校招）,莉莉丝游戏,10k-20k,2019-12-09 15:14:28,1938,上海莉莉丝科技股份有限公司,"['都是萌妹子', '项目奖金', '零食无限量', '牛逼的同事']",不需要融资,"['游戏', '算法']",['算法'],不限,闵行区,应届毕业生
大数据开发/数据挖掘/数据分析工程师,上海海笛数字出版科技有限公司,8k-14k,2019-12-09 13:30:36,1457,上海海笛数字出版科技有限公司,"['弹性工作', '岗位晋升', '专项技能培训', '扁平管理']",未融资,"['大数据', '算法', '搜索', '数据挖掘', '数据分析']","['算法', '搜索', '数据挖掘', '数据分析']",本科,浦东新区,1-3年
高级算法工程师,达达-京东到家,20k-30k,2019-12-09 13:49:41,32836,达疆网络科技（上海）有限公司,"['弹性工作', '股票期权', '扁平管理', '技术氛围浓厚']",D轮及以上,"['算法', '机器学习', '图像处理']","['算法', '机器学习', '图像处理']",硕士,杨浦区,3-5年
算法工程师（派单和路径规划）,达达-京东到家,20k-40k,2019-12-09 16:30:15,32836,达疆网络科技（上海）有限公司,"['弹性工作', '股票期权', '扁平管理', '技术氛围浓厚']",D轮及以上,"['人工智能', '机器学习', '算法']","['人工智能', '机器学习', '算法']",本科,浦东新区,1-3年
大数据挖掘开发工程师,上海米哈游,20k-40k,2019-12-09 10:04:30,7872,上海米哈游网络科技股份有限公司,"['技术宅团队', '发展空间大', '简单有爱文化', '弹性工作制']",不需要融资,"['Hadoop', '数据挖掘', 'Hive']","['Hadoop', '数据挖掘', 'Hive']",本科,徐汇区,3-5年
广告算法高级工程师,达达-京东到家,25k-45k,2019-12-09 13:49:41,32836,达疆网络科技（上海）有限公司,"['弹性工作', '股票期权', '扁平管理', '技术氛围浓厚']",D轮及以上,"['本地生活', '广告营销', '算法', '推荐', '深度学习']","['算法', '推荐', '深度学习']",本科,杨浦区,3-5年
高级算法-数据挖掘工程师,商涌网络,25k-50k,2019-12-09 13:11:52,303426,上海商涌网络科技有限公司,"['带薪年假', '定期体检', '年底双薪', '股票期权']",A轮,"['算法', '数据挖掘', '建模', '机器学习']","['算法', '数据挖掘', '建模', '机器学习']",本科,浦东新区,3-5年
数据挖掘算法工程师（intern01）,MarcPoint,4k-5k,2019-12-09 10:19:36,41486,上海宏原信息科技有限公司,"['活力氛围', '扁平管理', '五险一金', '弹性工作']",A轮,"['大数据', '算法', '数据挖掘']","['算法', '数据挖掘']",硕士,徐汇区,应届毕业生
positionName,companyShortName,salary,createTime,companyId,companyFullName,companyLabelList,financeStage,positionLables,skillLables,education,district,workYear
算法工程师,平安健康互联网,22k-32k,2019-12-08 00:00:19,105718,平安健康互联网股份有限公司上海分公司,"['技能培训', '节日礼物', '带薪年假', '定期体检']",上市公司,"['医疗健康', '移动互联网']",[],不限,徐汇区,3-5年
高级数据挖掘,小赢科技,25k-30k,2019-12-09 16:04:28,24587,深圳市小赢科技有限责任公司,"['五险一金', '两餐补助', '超低息员工贷', '年底奖金']",上市公司,"['互联网金融', '借贷', '数据库', 'SQLServer', '算法', 'Spark']","['数据库', 'SQLServer', '算法', 'Spark']",本科,黄浦区,3-5年
数据挖掘工程师（外派商汤科技）,微创软件,13k-18k,2019-12-09 17:14:36,124652,上海微创软件股份有限公司,"['绩效奖金', '带薪年假', '定期体检', '弹性工作']",不需要融资,"['MySQL', 'Hadoop', 'Spark', '数据挖掘']","['MySQL', 'Hadoop', 'Spark', '数据挖掘']",本科,徐汇区,3-5年
数据挖掘专家,途虎养车网,30k-45k,2019-12-09 13:05:57,36009,上海阑途信息技术有限公司,"['技能培训', '节日礼物', '岗位晋升', '领导好']",D轮及以上,"['算法', '数据挖掘']","['算法', '数据挖掘']",本科,闵行区,3-5年
数据挖掘工程师,华策,15k-30k,2019-12-09 16:03:12,200377,深圳华策辉弘科技有限公司,"['绩效奖金', '年终分红', '带薪年假', '五险一金']",未融资,"['数据挖掘', '数据分析']","['数据挖掘', '数据分析']",本科,浦东新区,1-3年
数据挖掘工程师,奉天物流,14k-24k,2019-12-09 15:05:13,117448735,常州奉天物流有限公司,[],不需要融资,"['数据挖掘', 'Spark']","['数据挖掘', 'Spark']",本科,浦东新区,1-3年
数据挖掘专家,微创软件,30k-40k,2019-12-09 10:53:54,124652,上海微创软件股份有限公司,"['绩效奖金', '带薪年假', '定期体检', '弹性工作']",不需要融资,"['汽车', '移动互联网', '数据库开发', 'SQLServer', '数据仓库', '数据挖掘']","['数据库开发', 'SQLServer', '数据仓库', '数据挖掘']",本科,浦东新区,5-10年
数据挖掘实习生,百度,3k-4k,2019-12-09 16:59:51,1575,百度在线网络技术（北京）有限公司,"['股票期权', '弹性工作', '五险一金', '免费班车']",不需要融资,"['Hadoop', '数据架构', '数据挖掘', '算法']","['Hadoop', '数据架构', '数据挖掘', '算法']",本科,浦东新区,应届毕业生
数据挖掘工程师,仁辉科技,13k-20k,2019-12-09 14:06:38,213202,银川仁辉信息科技有限公司,"['交通补助', '午餐补助', '五险一金', '节日福利']",不需要融资,"['征信', '算法', '数据挖掘', '数据分析']","['算法', '数据挖掘', '数据分析']",本科,浦东新区,1-3年
数据挖掘专家,趣头条,35k-55k,2019-12-09 10:37:04,202104,上海基分文化传播有限公司,"['专项奖金', '带薪年假', '弹性工作', '管理规范']",上市公司,"['电商', '算法', '数据挖掘']","['算法', '数据挖掘']",本科,浦东新区,5-10年
数据挖掘算法,趣头条,25k-35k,2019-12-09 10:37:03,202104,上海基分文化传播有限公司,"['专项奖金', '带薪年假', '弹性工作', '管理规范']",上市公司,"['算法', 'Spark', '数据挖掘']","['算法', 'Spark', '数据挖掘']",本科,浦东新区,1-3年
中级算法工程师,NextTao 互道信息,20k-30k,2019-12-09 17:10:56,56474,互道信息技术（上海）有限公司,"['节日礼物', '技能培训', '年底双薪', '年度旅游']",B轮,"['推荐', '机器学习', '建模']","['推荐', '机器学习', '建模']",本科,浦东新区,1-3年
数据挖掘工程师,宜家,20k-40k,2019-12-09 09:50:36,560057,宜家（中国）投资有限公司,"['年底双薪', '带薪年假', '定期体检', '弹性工作']",不需要融资,"['电商', '新零售', '数据挖掘', '算法', 'NLP']","['数据挖掘', '算法', 'NLP']",本科,徐汇区,3-5年
初级算法工程师,NextTao 互道信息,15k-30k,2019-12-09 17:10:55,56474,互道信息技术（上海）有限公司,"['节日礼物', '技能培训', '年底双薪', '年度旅游']",B轮,"['推荐', '建模', '机器学习']","['推荐', '建模', '机器学习']",本科,浦东新区,1-3年
数据挖掘工程师,虎扑,15k-25k,2019-12-09 11:50:11,1145,虎扑（上海）文化传播股份有限公司,"['上班看球赛', '运动俱乐部', '大神分享会', '偶像零距离']",D轮及以上,"['数据挖掘', '数据分析']","['数据挖掘', '数据分析']",本科,杨浦区,1-3年
positionName,companyShortName,salary,createTime,companyId,companyFullName,companyLabelList,financeStage,positionLables,skillLables,education,district,workYear
高级推荐算法工程师,彩贝壳,20k-40k,2019-12-09 18:09:44,69466,上海绘享网络科技有限公司,"['股票期权', '扁平管理', '五险一金', '8天年假']",B轮,['算法'],['算法'],本科,长宁区,3-5年
数据挖掘工程师,上海初生网络科技有限公司,12k-24k,2019-12-09 11:27:04,40729,上海初生网络科技有限公司,"['带薪年假', '年度旅游', '扁平管理', '五险一金']",B轮,"['大数据', 'ETL', '数据挖掘', '数据分析']","['ETL', '数据挖掘', '数据分析']",本科,黄浦区,1-3年
数据挖掘（开发工程师）,易居克而瑞,10k-15k,2019-12-09 14:20:13,9553,易居企业（中国）集团有限公司,"['年底双薪', '节日礼物', '带薪年假', '月度绩效奖金']",上市公司,['数据挖掘'],['数据挖掘'],本科,闸北区,1-3年
数据挖掘工程师,上海纯米电子科技,10k-20k,2019-12-09 10:52:56,151142,上海纯米电子科技有限公司,[],C轮,['数据挖掘'],['数据挖掘'],大专,浦东新区,1-3年
数据挖掘工程师,同程艺龙,25k-50k,2019-12-09 10:30:22,3564,同程网络科技股份有限公司,"['绩效奖金', '股票期权', '年底双薪', '五险一金']",上市公司,"['数据挖掘', 'Hive', 'Hadoop']","['数据挖掘', 'Hive', 'Hadoop']",本科,普陀区,3-5年
点评App部-机器学习/数据挖掘算法专家,美团点评,35k-48k,2019-12-09 10:05:20,50702,北京三快在线科技有限公司,"['技能培训', '绩效奖金', '岗位晋升', '领导好']",上市公司,['算法'],[],本科,长宁区,3-5年
通信数据挖掘和分析工程师,诺基亚华诺科技,5k-8k,2019-12-09 17:07:56,280956,湖南华诺科技有限公司,"['带薪年假', '定期体检', '通讯津贴', '管理规范']",不需要融资,"['大数据', '通信/网络设备', '通信网络优化']",['通信网络优化'],本科,闸北区,应届毕业生
数据挖掘实习生,谷露软件,3k-5k,2019-12-09 09:26:36,5002,上海谷露软件有限公司,"['团队融洽', '股票期权', '扁平管理', '通讯津贴']",A轮,['数据挖掘'],['数据挖掘'],本科,黄浦区,不限
资深算法工程师,聪盛网络,20k-40k,2019-12-09 16:25:37,234804,上海聪盛网络科技有限公司,"['交通补助', '带薪年假', '定期体检', '绩效奖金']",A轮,"['游戏', '移动互联网', '算法', '推荐算法', '机器学习']","['算法', '推荐算法', '机器学习']",本科,闵行区,5-10年
推荐算法工程师(中级 高级 资深）,殷德营销策划,30k-60k,2019-12-09 16:51:38,82959546,上海殷德营销策划有限公司,[],A轮,['推荐算法'],['推荐算法'],本科,徐汇区,1-3年
算法工程师（NLP),天壤智能,25k-50k,2019-12-09 16:22:27,240153,上海天壤智能科技有限公司,"['年底双薪', '带薪年假', '午餐补助', '定期体检']",A轮,"['人工智能', '深度学习', 'NLP', '算法']","['人工智能', '深度学习', 'NLP', '算法']",硕士,徐汇区,3-5年
TS-人工智能与机器学习工程师,顺丰科技有限公司,20k-40k,2019-12-09 14:52:16,35996,顺丰科技有限公司,"['技能培训', '节日礼物', '带薪年假', '岗位晋升']",不需要融资,"['人工智能', '机器学习', '深度学习']","['人工智能', '机器学习', '深度学习']",硕士,虹口区,3-5年
数据科学家/算法工程师,HARB,20k-40k,2019-12-09 17:14:13,116876,哈步数据科技（上海）有限公司,"['带薪年假', '午餐补助', '扁平化管理', '公司氛围好']",B轮,"['大数据', '算法', '数据挖掘', '数据分析']","['算法', '数据挖掘', '数据分析']",本科,徐汇区,3-5年
Python数据挖掘讲师,上海传智播客,25k-40k,2019-12-09 09:30:41,158357,江苏传智播客教育科技股份有限公司上海分公司,"['专项奖金', '股票期权', '带薪年假', '交通补助']",上市公司,"['数据挖掘', '数据分析', '算法']","['数据挖掘', '数据分析', '算法']",本科,浦东新区,3-5年
数据挖掘工程师(J11048),明略科技集团,15k-25k,2019-12-09 11:38:53,13171,秒针信息技术有限公司,"['六险一金', '年底双薪', '绩效奖金', '完成E轮融资']",D轮及以上,['数据挖掘'],['数据挖掘'],本科,静安区,3-5年
positionName,companyShortName,salary,createTime,companyId,companyFullName,companyLabelList,financeStage,positionLables,skillLables,education,district,workYear
数据挖掘专家/Leader,趣头条,40k-60k,2019-12-09 10:37:04,202104,上海基分文化传播有限公司,"['专项奖金', '带薪年假', '弹性工作', '管理规范']",上市公司,"['数据挖掘', '算法']","['数据挖掘', '算法']",本科,浦东新区,5-10年
数据挖掘工程师(J11048),明略科技集团,15k-25k,2019-12-09 11:38:53,13171,秒针信息技术有限公司,"['六险一金', '年底双薪', '绩效奖金', '完成E轮融资']",D轮及以上,['数据挖掘'],['数据挖掘'],本科,静安区,3-5年
高级算法工程师,PwC,15k-30k,2019-12-09 17:41:14,104862,普华永道信息技术（上海）有限公司,"['年底双薪', '交通补助', '绩效奖金', '午餐补助']",未融资,"['建模', 'NLP', '算法', '数据挖掘']","['建模', 'NLP', '算法', '数据挖掘']",本科,,不限
数据挖掘工程师,波克科技,10k-15k,2019-12-09 09:18:42,82939753,波克科技股份有限公司,"['年终分红', '定期体检', '技能培训', '年度旅游']",D轮及以上,['数据挖掘'],['数据挖掘'],本科,普陀区,1-3年
数据挖掘工程师（金融科技）,交银企服,10k-20k,2019-12-09 11:12:33,95051,交银企业管理服务（上海）有限公司张江高科技园区分公司,[],上市公司,"['数据挖掘', '数据分析']","['数据挖掘', '数据分析']",本科,长宁区,3-5年
初级算法工程师,商涌网络,10k-20k,2019-12-09 13:11:52,303426,上海商涌网络科技有限公司,"['带薪年假', '定期体检', '年底双薪', '股票期权']",A轮,"['大数据', '金融', '算法', '数据挖掘']","['算法', '数据挖掘']",本科,浦东新区,1-3年
推荐算法工程师,弘衍科技,22k-35k,2019-12-09 13:20:31,164879,弘衍信息科技（上海）有限公司,[],未融资,"['人工智能', '推荐', '算法', '深度学习']","['人工智能', '推荐', '算法', '深度学习']",硕士,闵行区,3-5年
数据挖掘与模型分析师,萨摩耶金服,20k-40k,2019-12-09 09:39:41,73604,深圳萨摩耶互联网金融服务有限公司,"['技能培训', '年度旅游', '岗位晋升', '五险一金']",C轮,['互联网金融'],[],本科,浦东新区,3-5年
数据分析开发工程师（数据挖掘/分析方向）,途虎养车网,25k-40k,2019-12-09 13:05:59,36009,上海阑途信息技术有限公司,"['技能培训', '节日礼物', '岗位晋升', '领导好']",D轮及以上,"['数据挖掘', '数据分析']","['数据挖掘', '数据分析']",本科,闵行区,3-5年
机器学习开发工程师,Gridsum 国双,15k-25k,2019-12-09 09:56:27,3038,北京国双科技有限公司,"['节日礼物', '年底双薪', '带薪年假', '午餐补助']",上市公司,"['大数据', '算法', '数据挖掘']","['算法', '数据挖掘']",本科,静安区,1-3年
算法工程师自然语言处理,索思数据,15k-30k,2019-12-09 16:23:22,402263,上海索思数据科技有限公司,"['定期体检', '员工食堂', '五险一金', '团队建设']",A轮,"['大数据', 'NLP']",['NLP'],本科,徐汇区,1-3年
推荐算法工程师,上海初生网络科技有限公司,15k-30k,2019-12-09 11:27:06,40729,上海初生网络科技有限公司,"['带薪年假', '年度旅游', '扁平管理', '五险一金']",B轮,"['大数据', '算法', '数据挖掘']","['算法', '数据挖掘']",本科,虹口区,1-3年
算法工程师,360,25k-50k,2019-11-28 10:31:43,436,奇虎360科技有限公司,"['专项奖金', '年底双薪']",上市公司,"['机器学习', '数据挖掘', '推荐']","['机器学习', '数据挖掘', '推荐']",硕士,虹口区,3-5年
推荐算法工程师（识货）,虎扑,50k-80k,2019-12-09 11:50:12,1145,虎扑（上海）文化传播股份有限公司,"['上班看球赛', '运动俱乐部', '大神分享会', '偶像零距离']",D轮及以上,"['机器学习', '深度学习', '搜索', '推荐']","['机器学习', '深度学习', '搜索', '推荐']",本科,杨浦区,5-10年
推荐算法工程师,比心陪练,35k-55k,2019-12-09 10:58:08,47993,上海鱼泡泡信息科技有限公司,"['带薪年假', '年度旅游', '岗位晋升', '六险一金']",B轮,"['搜索', '推荐']","['搜索', '推荐']",本科,徐汇区,3-5年
positionName,companyShortName,salary,createTime,companyId,companyFullName,companyLabelList,financeStage,positionLables,skillLables,education,district,workYear
算法工程师-（反作弊）(J11972),2345.com,40k-60k,2019-12-09 13:59:46,6082,上海二三四五网络科技有限公司,"['鼓励内部创业', '互联网百强', '亿万用户', '提倡男女恋爱']",上市公司,['算法'],['算法'],本科,浦东新区,3-5年
算法工程师,北河三文化传播,40k-70k,2019-12-04 11:09:34,117445221,武汉市北河三文化传播有限公司,[],未融资,"['移动互联网', '云计算', '推荐算法']",['推荐算法'],硕士,浦东新区,3-5年
​资深算法（智能调度/派单）工程师,比心陪练,30k-55k,2019-12-09 10:58:08,47993,上海鱼泡泡信息科技有限公司,"['带薪年假', '年度旅游', '岗位晋升', '六险一金']",B轮,"['人工智能', '机器学习', '推荐', '数据挖掘']","['人工智能', '机器学习', '推荐', '数据挖掘']",本科,徐汇区,3-5年
算法工程师,栈略数据,30k-50k,2019-11-19 10:27:29,120407,上海栈略数据技术有限公司,"['年底双薪', '带薪年假', '交通补助', '通讯津贴']",B轮,"['机器学习', 'NLP', '建模']","['机器学习', 'NLP', '建模']",本科,静安区,5-10年
算法工程师 算法研发工程师,外资-升宝,15k-20k,2019-12-09 09:42:20,78748,升宝节能技术（上海）有限公司,"['绩效奖金', '定期体检', '弹性工作', '温暖的大家庭']",B轮,"['大数据', '算法', '数据挖掘']","['算法', '数据挖掘']",本科,浦东新区,1-3年
搜索算法工程师,字节跳动,20k-40k,2019-12-09 17:24:57,62,北京字节跳动科技有限公司,"['扁平管理', '弹性工作', '大厨定制三餐', '就近租房补贴']",C轮,[],[],本科,闵行区,3-5年
算法工程师,华信集团,20k-40k,2019-11-26 10:51:08,148832,湖北信信通通讯科技有限公司,"['年底双薪', '带薪年假', '交通补助', '弹性工作']",天使轮,"['人工智能', '算法']","['人工智能', '算法']",本科,浦东新区,不限
0921LM-NLP算法工程师,平安健康保险,15k-25k,2019-12-09 00:00:19,210312,平安健康保险股份有限公司,[],未融资,"['人工智能', '机器学习', 'NLP']","['人工智能', '机器学习', 'NLP']",硕士,徐汇区,1-3年
算法/数据挖掘高级工程师,阅文集团,30k-50k,2019-12-05 10:12:27,28243,上海阅文信息技术有限公司,"['年终分红', '年底双薪', '五险一金', '交通补助']",上市公司,"['大数据', '算法']",['算法'],本科,浦东新区,3-5年
机器学习算法工程师,拼多多,25k-50k,2019-12-04 10:09:30,107784,上海寻梦信息技术有限公司,"['股票期权', '专项奖金', '弹性工作', '扁平管理']",上市公司,['机器学习'],['机器学习'],本科,长宁区,3-5年
11122I-LT-312-NLP算法工程师,平安科技,25k-50k,2019-12-09 00:00:11,24748,平安科技（深圳）有限公司,"['六险一金', '扁平化管理', '丰厚年终', '丰富技术交流']",不需要融资,"['NLP', '深度学习', '算法', '人工智能']","['NLP', '深度学习', '算法', '人工智能']",硕士,浦东新区,3-5年
（2019校招可转正）算法工程师实习生,蜻蜓FM,4k-6k,2019-12-08 17:00:43,30816,上海倾听信息技术有限公司,"['明星直播', '男女1:1', '带薪年假', '扁平管理']",D轮及以上,"['移动互联网', 'Hadoop', '算法']","['Hadoop', '算法']",硕士,浦东新区,不限
算法工程师,鑫炜网络,15k-25k,2019-12-06 09:02:09,755249,上海鑫炜网络科技有限公司,[],不需要融资,"['广告营销', '推荐', '搜索']","['推荐', '搜索']",硕士,浦东新区,1-3年
数据挖掘专家,信也科技,20k-35k,2019-12-05 09:47:51,6044,上海上湖信息技术有限公司,"['绩效奖金', '五险一金', '带薪年假', '午餐补助']",上市公司,"['算法', '数据挖掘']","['算法', '数据挖掘']",不限,浦东新区,不限
1121WE-算法工程师（TED建模组）,平安科技,20k-35k,2019-12-09 00:00:14,24748,平安科技（深圳）有限公司,"['六险一金', '扁平化管理', '丰厚年终', '丰富技术交流']",不需要融资,['算法'],['算法'],硕士,徐汇区,1-3年
positionName,companyShortName,salary,createTime,companyId,companyFullName,companyLabelList,financeStage,positionLables,skillLables,education,district,workYear
NLP算法工程师,MDC,20k-30k,2019-12-07 11:09:50,28708,北京移数通电讯有限公司,"['年底双薪', '绩效奖金', '五险一金', '通讯津贴']",B轮,"['即时通讯', '移动互联网', '人工智能', 'NLP', '语音识别', '机器学习']","['人工智能', 'NLP', '语音识别', '机器学习']",本科,杨浦区,3-5年
数据挖掘工程师,众标智能科技,15k-20k,2019-12-06 16:35:37,38786,北京众标智能科技有限公司上海分公司,"['股票期权', '带薪年假', '年度旅游', '扁平管理']",A轮,"['大数据', '数据挖掘', '数据分析']","['数据挖掘', '数据分析']",本科,宝山区,1-3年
高级/ 资深算法工程师（预测）--2871,爱奇艺,30k-60k,2019-12-08 23:51:23,1686,北京奇艺世纪科技有限公司,"['绩效奖金', '五险一金', '交通补助', '带薪年假']",上市公司,"['人工智能', '机器学习']","['人工智能', '机器学习']",本科,长宁区,3-5年
数据挖掘助理工程师,众标智能科技,10k-15k,2019-12-06 16:35:37,38786,北京众标智能科技有限公司上海分公司,"['股票期权', '带薪年假', '年度旅游', '扁平管理']",A轮,"['大数据', '数据挖掘', '数据分析']","['数据挖掘', '数据分析']",本科,宝山区,1-3年
数据挖掘工程师,拼多多,25k-50k,2019-12-04 10:09:36,107784,上海寻梦信息技术有限公司,"['股票期权', '专项奖金', '弹性工作', '扁平管理']",上市公司,['数据挖掘'],['数据挖掘'],本科,长宁区,不限
大数据风控挖掘专家,天翼征信有限公司,40k-60k,2019-11-25 09:47:05,112099,天翼征信有限公司,[],不需要融资,"['大数据', 'Hadoop', 'Spark', 'Hive']","['Hadoop', 'Spark', 'Hive']",本科,虹口区,3-5年
数据挖掘工程师-风控,拼多多,25k-50k,2019-12-04 10:09:38,107784,上海寻梦信息技术有限公司,"['股票期权', '专项奖金', '弹性工作', '扁平管理']",上市公司,"['电商', '数据挖掘', 'Hive']","['数据挖掘', 'Hive']",本科,长宁区,3-5年
推荐算法工程师 (MJ000076),Soul App,20k-40k,2019-12-06 10:10:05,126457,上海任意门科技有限公司,"['外企氛围', '年轻活力娱乐', '有才华的团队', '技术导向']",C轮,"['社交', 'C++', 'Java', 'Python']","['C++', 'Java', 'Python']",本科,浦东新区,不限
数据挖掘算法专家（算法平台）(J11344),哈啰出行,22k-37k,2019-12-05 13:54:32,164989,上海钧正网络科技有限公司,"['绩效奖金', '年底双薪', '股票期权', '交通补助']",D轮及以上,"['建模', '算法', '数据挖掘', '机器学习']","['建模', '算法', '数据挖掘', '机器学习']",本科,闵行区,1-3年
广告算法工程师,博聘咨询,28k-55k,2019-12-07 14:21:03,352194,上海博聘企业管理咨询有限公司,[],不需要融资,"['NLP', '推荐', '搜索', '人工智能']","['NLP', '推荐', '搜索', '人工智能']",本科,浦东新区,3-5年
高级数据挖掘工程师,小赢科技,25k-35k,2019-12-04 09:42:43,24587,深圳市小赢科技有限责任公司,"['五险一金', '两餐补助', '超低息员工贷', '年底奖金']",上市公司,['风控'],['风控'],本科,虹口区,不限
数据挖掘实习,众标智能科技,3k-4k,2019-12-06 16:35:37,38786,北京众标智能科技有限公司上海分公司,"['股票期权', '带薪年假', '年度旅游', '扁平管理']",A轮,"['数据挖掘', '数据分析']","['数据挖掘', '数据分析']",本科,宝山区,应届毕业生
推荐算法工程师,小象优品,25k-50k,2019-12-04 11:53:46,202633,北京源石云科技有限公司上海分公司,"['带薪年假', '通讯津贴', '定期体检', '绩效奖金']",C轮,['推荐算法'],['推荐算法'],大专,徐汇区,3-5年
推荐搜索算法高级工程师,阅文集团,20k-30k,2019-12-05 10:12:24,28243,上海阅文信息技术有限公司,"['年终分红', '年底双薪', '五险一金', '交通补助']",上市公司,"['大数据', '移动互联网', '算法']",['算法'],硕士,浦东新区,3-5年
广告算法工程师,北河三文化传播,35k-70k,2019-12-04 11:40:59,117445221,武汉市北河三文化传播有限公司,[],未融资,"['移动互联网', '广告营销']",[],硕士,浦东新区,3-5年
positionName,companyShortName,salary,createTime,companyId,companyFullName,companyLabelList,financeStage,positionLables,skillLables,education,district,workYear
推荐算法工程师,小象优品,25k-50k,2019-12-04 11:53:46,202633,北京源石云科技有限公司上海分公司,"['带薪年假', '通讯津贴', '定期体检', '绩效奖金']",C轮,['推荐算法'],['推荐算法'],大专,徐汇区,3-5年
推荐搜索算法高级工程师,阅文集团,20k-30k,2019-12-05 10:12:24,28243,上海阅文信息技术有限公司,"['年终分红', '年底双薪', '五险一金', '交通补助']",上市公司,"['大数据', '移动互联网', '算法']",['算法'],硕士,浦东新区,3-5年
广告算法工程师,北河三文化传播,35k-70k,2019-12-04 11:40:59,117445221,武汉市北河三文化传播有限公司,[],未融资,"['移动互联网', '广告营销']",[],硕士,浦东新区,3-5年
机器学习工程师,栈略数据,25k-45k,2019-11-19 10:27:30,120407,上海栈略数据技术有限公司,"['年底双薪', '带薪年假', '交通补助', '通讯津贴']",B轮,"['大数据', '数据分析']",['数据分析'],硕士,静安区,5-10年
搜索引擎/机器学习开发工程师(J18766),携程,15k-25k,2019-12-02 15:24:18,6636,携程计算机技术（上海）有限公司,"['绩效奖金', '股票期权', '五险一金', '交通补助']",上市公司,"['Java', '数据挖掘', '搜索', '算法']","['Java', '数据挖掘', '搜索', '算法']",本科,长宁区,1-3年
数据挖掘专家-虹桥p7-8,威斯科技,30k-60k,2019-12-03 10:51:57,473950,威斯科技（苏州）有限公司,[],未融资,"['信息安全', '大数据', '数据挖掘', '算法', '搜索']","['数据挖掘', '算法', '搜索']",本科,闵行区,5-10年
上海-算法工程师/专家-数据挖掘/推荐算法/广告营销/运筹优化/风控算法,拉勾猎头,25k-50k,2019-11-27 11:28:19,484985,拉勾猎头,"['一手内推信息', '猎头专业服务', '名企保面试', '精准高效对接']",D轮及以上,"['本地生活', '人工智能']",['人工智能'],本科,闵行区,3-5年
算法工程师,AdMaster,20k-40k,2019-11-26 15:06:37,107408,精硕科技（北京）股份有限公司,[],不需要融资,"['人工智能', '机器学习', 'NLP']","['人工智能', '机器学习', 'NLP']",硕士,普陀区,不限
高级/资深数据挖掘工程师,字节跳动,30k-60k,2019-11-25 16:44:29,62,北京字节跳动科技有限公司,"['扁平管理', '弹性工作', '大厨定制三餐', '就近租房补贴']",C轮,['数据挖掘'],['数据挖掘'],本科,闵行区,3-5年
算法工程师,北京推文,15k-30k,2019-11-29 13:50:02,472714,北京推文信息科技有限公司,[],A轮,"['算法', '深度学习', '人工智能', 'NLP']","['算法', '深度学习', '人工智能', 'NLP']",硕士,浦东新区,1-3年
实习数据挖掘工程师（可转正）,字节跳动,4k-8k,2019-11-25 16:44:28,62,北京字节跳动科技有限公司,"['扁平管理', '弹性工作', '大厨定制三餐', '就近租房补贴']",C轮,['数据挖掘'],['数据挖掘'],本科,闵行区,不限
搜索算法工程师,趣头条,25k-50k,2019-12-02 12:03:14,202104,上海基分文化传播有限公司,"['专项奖金', '带薪年假', '弹性工作', '管理规范']",上市公司,"['算法', '搜索']","['算法', '搜索']",本科,浦东新区,3-5年
（高级）用户数据挖掘工程师,字节跳动,30k-60k,2019-11-25 16:44:28,62,北京字节跳动科技有限公司,"['扁平管理', '弹性工作', '大厨定制三餐', '就近租房补贴']",C轮,['算法'],[],本科,闵行区,3-5年
资深算法工程师,维信金科,20k-40k,2019-11-26 16:28:39,27155,上海维信荟智金融科技有限公司,"['技能培训', '节日礼物', '年底双薪', '带薪年假']",上市公司,"['金融', '机器学习', '建模', '数据挖掘', '算法']","['机器学习', '建模', '数据挖掘', '算法']",本科,虹口区,3-5年
算法专家/高级工程师,众安保险,28k-55k,2019-11-20 14:09:07,29824,众安在线财产保险股份有限公司,"['定期体检', '每天下午茶', '六险一金', '年度体检']",上市公司,"['机器学习', '深度学习', '数据挖掘', '算法']","['机器学习', '深度学习', '数据挖掘', '算法']",本科,黄浦区,3-5年
positionName,companyShortName,salary,createTime,companyId,companyFullName,companyLabelList,financeStage,positionLables,skillLables,education,district,workYear
数据挖掘工程师,千寻位置,20k-40k,2019-12-05 15:25:56,99397,千寻位置网络有限公司,"['节日礼物', '股票期权', '带薪年假', '绩效奖金']",不需要融资,"['数据挖掘', 'Hadoop', 'Spark']","['数据挖掘', 'Hadoop', 'Spark']",硕士,杨浦区,5-10年
数据挖掘算法专家,饿了么,35k-70k,2019-12-05 11:41:29,51480,拉扎斯网络科技（上海）有限公司,"['节日礼物', '绩效奖金', '年度旅游', '岗位晋升']",D轮及以上,"['本地生活', '大数据', '算法', '数据挖掘']","['算法', '数据挖掘']",硕士,普陀区,3-5年
资深自然语言处理（NLP）算法工程师,方付通,30k-60k,2019-11-15 16:21:54,66311,上海方付通商务服务有限公司,"['技能培训', '节日礼物', '岗位晋升', '五险一金']",不需要融资,"['人工智能', 'NLP']","['人工智能', 'NLP']",本科,浦东新区,3-5年
数据挖掘工程师,江苏云正数据科技有限公司,15k-25k,2019-12-06 17:15:22,462857,江苏云正数据科技有限公司,"['弹性工作', '领导好', '扁平管理', '技能培训']",不需要融资,"['数据挖掘', 'Hive', 'Spark', 'ETL']","['数据挖掘', 'Hive', 'Spark', 'ETL']",本科,浦东新区,1-3年
数据挖掘科学家,领星生物科技（上海）有限公司,15k-25k,2019-12-06 15:23:14,183934,领星生物科技（上海）有限公司,[],未融资,"['医疗健康', '大数据', '数据分析', '算法', '数据挖掘', 'NLP']","['数据分析', '算法', '数据挖掘', 'NLP']",硕士,浦东新区,3-5年
算法工程师,乐配信息科技,14k-20k,2019-11-18 09:52:05,254158,上海乐配信息科技有限公司,[],不需要融资,"['人工智能', '建模', '算法']","['人工智能', '建模', '算法']",硕士,杨浦区,3-5年
搜索算法工程师,达观数据,18k-30k,2019-12-05 09:45:51,97882,达而观信息科技（上海）有限公司,"['AI人工智能', 'NLP', '技术领先', '市场口碑佳']",B轮,"['搜索', '算法']","['搜索', '算法']",硕士,浦东新区,1-3年
资深算法工程师,天壤智能,20k-40k,2019-12-02 14:03:07,240153,上海天壤智能科技有限公司,"['年底双薪', '带薪年假', '午餐补助', '定期体检']",A轮,['后端'],['后端'],本科,徐汇区,3-5年
数据挖掘工程师,趋曼信息,12k-22k,2019-12-04 10:01:04,143981,趋曼信息技术（上海）有限公司,[],不需要融资,"['Hadoop', '数据挖掘']","['Hadoop', '数据挖掘']",本科,徐汇区,3-5年
机器学习算法工程师,小红书,20k-40k,2019-11-20 14:31:04,6542,行吟信息科技（上海）有限公司,"['年度旅游', '节日礼物', '专项奖金', '带薪年假']",D轮及以上,"['移动互联网', '电商']",[],本科,黄浦区,1-3年
资深算法工程师 - 消息营销方向,拼多多,40k-80k,2019-11-20 17:12:44,198915,拼多多,[],C轮,"['电商', '大数据', 'Spark', '数据挖掘', 'Scala', 'Hadoop']","['Spark', '数据挖掘', 'Scala', 'Hadoop']",硕士,长宁区,3-5年
资深算法工程师 - 消息营销方向,拼多多,40k-80k,2019-11-20 17:12:44,198915,拼多多,[],C轮,"['电商', '大数据', '推荐算法', '机器学习', 'Hadoop', 'Python']","['推荐算法', '机器学习', 'Hadoop', 'Python']",硕士,长宁区,3-5年
资深算法工程师 - 消息营销方向,拼多多,40k-80k,2019-11-20 17:12:44,198915,拼多多,[],C轮,"['电商', '大数据', '机器学习', '深度学习', '推荐', '建模']","['机器学习', '深度学习', '推荐', '建模']",硕士,长宁区,3-5年
机器学习算法工程师,深圳市博海基金管理有限公司,30k-40k,2019-11-21 15:36:03,427697,深圳市博海基金管理有限公司,[],不需要融资,"['机器学习', '算法']","['机器学习', '算法']",硕士,徐汇区,1-3年
2612DC-大数据算法工程师,平安租赁,6k-9k,2019-11-27 00:00:16,140240,平安国际融资租赁有限公司,[],不需要融资,['其他'],[],本科,浦东新区,1-3年
positionName,companyShortName,salary,createTime,companyId,companyFullName,companyLabelList,financeStage,positionLables,skillLables,education,district,workYear
算法工程师/专家,净莘环保,30k-60k,2019-11-27 13:41:20,85640571,净莘（武汉）环保科技有限责任公司,[],B轮,['推荐'],['推荐'],本科,浦东新区,不限
数据挖掘专家,药明康德,20k-40k,2019-11-26 08:08:59,62474,上海药明康德新药开发有限公司,"['绩效奖金', '股票期权', '通讯津贴', '定期体检']",不需要融资,['数据挖掘'],['数据挖掘'],硕士,浦东新区,3-5年
计算机视觉算法工程师,平安租赁,20k-30k,2019-11-27 00:00:17,140240,平安国际融资租赁有限公司,[],不需要融资,"['图像处理', '人工智能', '机器学习']","['图像处理', '人工智能', '机器学习']",硕士,浦东新区,应届毕业生
数据挖掘专家/Leader,趣头条,40k-60k,2019-12-09 10:37:04,202104,上海基分文化传播有限公司,"['专项奖金', '带薪年假', '弹性工作', '管理规范']",上市公司,"['数据挖掘', '算法']","['数据挖掘', '算法']",本科,浦东新区,5-10年
数据分析开发工程师（数据挖掘/分析方向）,途虎养车网,25k-40k,2019-12-09 13:05:59,36009,上海阑途信息技术有限公司,"['技能培训', '节日礼物', '岗位晋升', '领导好']",D轮及以上,"['数据挖掘', '数据分析']","['数据挖掘', '数据分析']",本科,闵行区,3-5年
推荐算法工程师,拼多多,25k-50k,2019-12-04 10:09:37,107784,上海寻梦信息技术有限公司,"['股票期权', '专项奖金', '弹性工作', '扁平管理']",上市公司,"['电商', '算法', '数据挖掘']","['算法', '数据挖掘']",本科,长宁区,1-3年
高级算法架构工程师,拼多多,25k-50k,2019-12-04 10:09:36,107784,上海寻梦信息技术有限公司,"['股票期权', '专项奖金', '弹性工作', '扁平管理']",上市公司,"['算法', '架构师']","['算法', '架构师']",不限,长宁区,3-5年
数据算法工程师（风控方向）,拼多多,25k-40k,2019-12-04 10:09:39,107784,上海寻梦信息技术有限公司,"['股票期权', '专项奖金', '弹性工作', '扁平管理']",上市公司,"['算法', '数据挖掘', '数据分析']","['算法', '数据挖掘', '数据分析']",本科,长宁区,3-5年
资深算法工程师-推荐方向,拼多多,30k-60k,2019-12-04 10:09:30,107784,上海寻梦信息技术有限公司,"['股票期权', '专项奖金', '弹性工作', '扁平管理']",上市公司,['电商'],[],本科,长宁区,3-5年
算法工程师-用户画像方向,拼多多,25k-50k,2019-12-04 10:09:28,107784,上海寻梦信息技术有限公司,"['股票期权', '专项奖金', '弹性工作', '扁平管理']",上市公司,"['电商', '社交', '算法', '机器学习', '数据挖掘']","['算法', '机器学习', '数据挖掘']",本科,长宁区,1-3年
算法工程师-用户增长方向,拼多多,25k-50k,2019-12-04 10:09:31,107784,上海寻梦信息技术有限公司,"['股票期权', '专项奖金', '弹性工作', '扁平管理']",上市公司,"['机器学习', '深度学习', 'NLP', '算法']","['机器学习', '深度学习', 'NLP', '算法']",本科,长宁区,3-5年
NLP算法工程师-智能客服方向,拼多多,25k-50k,2019-12-04 10:09:38,107784,上海寻梦信息技术有限公司,"['股票期权', '专项奖金', '弹性工作', '扁平管理']",上市公司,"['人工智能', '机器学习', 'NLP']","['人工智能', '机器学习', 'NLP']",本科,长宁区,3-5年
资深算法工程师&nbsp;-&nbsp;消息营销平台方向,拼多多,30k-60k,2019-12-04 10:09:33,107784,上海寻梦信息技术有限公司,"['股票期权', '专项奖金', '弹性工作', '扁平管理']",上市公司,"['电商', '机器学习', '推荐', '算法']","['机器学习', '推荐', '算法']",本科,长宁区,3-5年
搜索算法工程师,趣头条,25k-50k,2019-12-02 12:03:14,202104,上海基分文化传播有限公司,"['专项奖金', '带薪年假', '弹性工作', '管理规范']",上市公司,"['算法', '搜索']","['算法', '搜索']",本科,浦东新区,3-5年
（高级）用户数据挖掘工程师,字节跳动,30k-60k,2019-11-25 16:44:28,62,北京字节跳动科技有限公司,"['扁平管理', '弹性工作', '大厨定制三餐', '就近租房补贴']",C轮,['算法'],[],本科,闵行区,3-5年
